{
  "generation_date": "2026-03-30T14:34:26.993Z",
  "customerStats": {
    "totalCustomers": 10000,
    "genderCount": {
      "F": 4988,
      "M": 5012
    },
    "ageStats": {
      "total": 440925,
      "min": 18,
      "max": 70,
      "ageGroups": {
        "10": 404,
        "20": 1866,
        "30": 1891,
        "40": 1799,
        "50": 1887,
        "60": 1955,
        "70": 198
      }
    },
    "membershipCount": {
      "bronze": 2475,
      "gold": 2487,
      "silver": 2525,
      "platinum": 2513
    },
    "totalSpent": 499802186.3500017,
    "avgSpent": 49980.21863500017,
    "totalPoints": 128118384,
    "avgPoints": 12811.8384
  },
  "purchaseStats": {
    "totalPurchases": 105719,
    "monthlyStats": {
      "2024-10": {
        "count": 2292,
        "revenue": 3520927.9599999976
      },
      "2026-02": {
        "count": 8333,
        "revenue": 12842502.639999997
      },
      "2025-12": {
        "count": 6671,
        "revenue": 10092210.28000002
      },
      "2025-11": {
        "count": 5927,
        "revenue": 8824590.240000006
      },
      "2025-04": {
        "count": 3300,
        "revenue": 4969968.6599999955
      },
      "2023-08": {
        "count": 567,
        "revenue": 820451.5000000005
      },
      "2025-10": {
        "count": 5482,
        "revenue": 8365309.469999988
      },
      "2024-02": {
        "count": 1131,
        "revenue": 1727747.6599999985
      },
      "2024-05": {
        "count": 1538,
        "revenue": 2413690.1700000004
      },
      "2024-03": {
        "count": 1304,
        "revenue": 2014049.8600000024
      },
      "2023-12": {
        "count": 1016,
        "revenue": 1556488.960000001
      },
      "2025-02": {
        "count": 2609,
        "revenue": 3965679.000000004
      },
      "2023-06": {
        "count": 405,
        "revenue": 602691.5400000005
      },
      "2024-11": {
        "count": 2400,
        "revenue": 3515400.10999999
      },
      "2023-11": {
        "count": 861,
        "revenue": 1249663.0000000007
      },
      "2026-01": {
        "count": 7692,
        "revenue": 11439490.87999998
      },
      "2025-05": {
        "count": 3568,
        "revenue": 5268440.569999998
      },
      "2025-08": {
        "count": 4482,
        "revenue": 6686158.650000004
      },
      "2025-09": {
        "count": 4760,
        "revenue": 7155077.05000002
      },
      "2025-01": {
        "count": 2737,
        "revenue": 4178575.539999987
      },
      "2026-03": {
        "count": 12310,
        "revenue": 18589852.019999992
      },
      "2025-06": {
        "count": 3922,
        "revenue": 5955352.96
      },
      "2025-03": {
        "count": 3248,
        "revenue": 4954171.41000001
      },
      "2025-07": {
        "count": 4224,
        "revenue": 6408283.480000022
      },
      "2024-01": {
        "count": 1059,
        "revenue": 1599797.9800000016
      },
      "2023-05": {
        "count": 333,
        "revenue": 485916.43
      },
      "2024-06": {
        "count": 1575,
        "revenue": 2387821.470000003
      },
      "2023-10": {
        "count": 780,
        "revenue": 1179030.019999999
      },
      "2024-09": {
        "count": 1989,
        "revenue": 2972679.5300000017
      },
      "2024-04": {
        "count": 1322,
        "revenue": 2007103.1700000002
      },
      "2024-12": {
        "count": 2472,
        "revenue": 3759279.870000003
      },
      "2024-08": {
        "count": 1844,
        "revenue": 2764487.6800000025
      },
      "2023-07": {
        "count": 468,
        "revenue": 733604.99
      },
      "2023-09": {
        "count": 653,
        "revenue": 998740.5500000004
      },
      "2024-07": {
        "count": 1862,
        "revenue": 2816014.269999997
      },
      "2023-04": {
        "count": 281,
        "revenue": 433811.91000000003
      },
      "2023-03": {
        "count": 184,
        "revenue": 269030.7399999999
      },
      "2023-02": {
        "count": 83,
        "revenue": 121651.56999999993
      },
      "2023-01": {
        "count": 35,
        "revenue": 60807.48999999999
      }
    },
    "categoryStats": {
      "Home & Living": {
        "count": 17706,
        "revenue": 26803589.94999997
      },
      "Fashion": {
        "count": 17564,
        "revenue": 26371301.10000005
      },
      "Entertainment": {
        "count": 17651,
        "revenue": 27005923.59000002
      },
      "Food & Dining": {
        "count": 17465,
        "revenue": 26514632.070000038
      },
      "Electronics": {
        "count": 17713,
        "revenue": 26719083.890000038
      },
      "Sports & Outdoors": {
        "count": 17620,
        "revenue": 26292020.679999992
      }
    },
    "paymentStats": {
      "cash": 26183,
      "wechat": 26759,
      "alipay": 26300,
      "card": 26477
    }
  },
  "activityStats": {
    "totalActivities": 25138,
    "activityTypeStats": {
      "marketing_campaign": 6315,
      "event_attended": 6318,
      "survey_participated": 6254,
      "coupon_used": 6251
    }
  },
  "socialStats": {
    "totalSocial": 50292,
    "platformStats": {
      "wechat": 50292
    },
    "actionStats": {
      "share": 10013,
      "follow": 10228,
      "comment": 9976,
      "read": 10046,
      "like": 10029
    }
  }
}